n_pp,time
10,1.2590982
50,0.4634989
100,0.9426517
500,4.7432536
1000,9.2997633
5000,51.3588645
10000,96.237735
50000,455.5294118
100000,907.0157044
